<?xml version="1.0" encoding="UTF-8"?><teamcity-plugin xmlns:xsi="http://www.w3.org/2001/XMLSchema-instance" xsi:noNamespaceSchemaLocation="urn:schemas-jetbrains-com:teamcity-plugin-v1-xml">
  <info>
    <name>teamcity-softlayer</name>
    <display-name>SoftLayer Plugin</display-name>
    <version>unspecified</version>
    <description>TeamCity SoftLayer Server Plugin</description>
    <download-url>https://github.ibm.com/StrategicOnboarding/teamcity-softlayer/</download-url>
    <email>scottwn@ibm.com</email>
    <vendor>
      <name>IBM Strategic Customer Success</name>
      <url>http://ibm.com</url>
    </vendor>
  </info>
  <deployment use-separate-classloader="false"/>
  <parameters>
    <parameter name="param">value</parameter>
  </parameters>
</teamcity-plugin>
